Workbook

Sheet Продукти
A1: Продукти на Датската пекарна
A3: За всеки продукт са зададени: печалба на брой, нужни ресурси и максимално дневно търсене.
A5: Продукт | B5: Код | C5: Печалба (€/бр) | D5: Брашно (kg/бр) | E5: Часове пекар (h/бр) | F5: Часове пещ (h/бр) | G5: Макс. търсене (бр/ден) | H5: Бележка
A6: Ръжен хляб (rugbrød) | B6: RYE | C6: 3 | D6: 0.5 | E6: 0.1 | F6: 0.15 | G6: 30 | H6: Датски ръжен хляб — тежък, бавен, но премиум
A7: Канелбуле (kanelbulle) | B7: KAN | C7: 1.5 | D7: 0.08 | E7: 0.05 | F7: 0.05 | G7: 80 | H7: Най-бързо продаваща се сутрешна закуска
A8: Датски кроасан (wienerbrød) | B8: DAN | C8: 2 | D8: 0.1 | E8: 0.08 | F8: 0.07 | G8: 60 | H8: Класически маслен датски сладкиш
A11: Подсказка: оранжево = входни данни, които можете да промените за различни сценарии.

Sheet Ресурси
A1: Дневни ресурси на пекарната
A3: Това са ограниченията, в които Мария трябва да се впише всеки ден.
A5: Ресурс | B5: Наличност | C5: Мярка | D5: Бележка
A6: Брашно | B6: 25 | C6: kg | D6: Получаваме доставка всяка сутрин — не можем да надвишим запаса
A7: Часове пекар | B7: 8 | C7: часа | D7: Един пекар работи 8 часа на ден
A8: Часове пещ | B8: 10 | C8: часа | D8: Пещта е активна максимум 10 часа дневно

Sheet Модел
A1: Оптимизационен модел — Solver-готов
A2: Цел: максимизиране на дневната печалба. Променливи решения (жълти): колко единици от всеки продукт да направим. Ограничения: ресурси и търсене.
A4: Продукт | B4: Количество (бр.) | C4: Печалба (€/бр) | D4: Брашно (kg/бр) | E4: Часове пекар (h/бр) | F4: Часове пещ (h/бр) | G4: Макс. търсене (бр.) | H4: Принос за печалбата (€)
A5: Ръжен хляб | B5: 0 | C5: =Продукти!C6 -> 3 | D5: =Продукти!D6 -> 0.5 | E5: =Продукти!E6 -> 0.1 | F5: =Продукти!F6 -> 0.15 | G5: =Продукти!G6 -> 30 | H5: =B5*C5 -> 0
A6: Канелбуле | B6: 0 | C6: =Продукти!C7 -> 1.5 | D6: =Продукти!D7 -> 0.08 | E6: =Продукти!E7 -> 0.05 | F6: =Продукти!F7 -> 0.05 | G6: =Продукти!G7 -> 80 | H6: =B6*C6 -> 0
A7: Датски кроасан | B7: 0 | C7: =Продукти!C8 -> 2 | D7: =Продукти!D8 -> 0.1 | E7: =Продукти!E8 -> 0.08 | F7: =Продукти!F8 -> 0.07 | G7: =Продукти!G8 -> 60 | H7: =B7*C7 -> 0
A8: ОБЩА ПЕЧАЛБА (целева клетка) | H8: =SUM(H5:H7) -> 0
A10: Ограничения (ресурси и търсене)
A11: Ресурс / ограничение | B11: Използвано | C11: Оператор | D11: Лимит | E11: Оставащо | F11: Бележка
A12: Брашно (kg) | B12: =SUMPRODUCT(B5:B7, D5:D7) -> 0 | C12: ≤ | D12: =Ресурси!B6 -> 25 | E12: =D12-B12 -> 25 | F12: Дневен запас
A13: Часове пекар (h) | B13: =SUMPRODUCT(B5:B7, E5:E7) -> 0 | C13: ≤ | D13: =Ресурси!B7 -> 8 | E13: =D13-B13 -> 8 | F13: Един пекар × 8 часа
A14: Часове пещ (h) | B14: =SUMPRODUCT(B5:B7, F5:F7) -> 0 | C14: ≤ | D14: =Ресурси!B8 -> 10 | E14: =D14-B14 -> 10 | F14: Пещта работи до 10 h
A15: Търсене: Ръжен хляб | B15: =B5 -> 0 | C15: ≤ | D15: =G5 -> 30 | E15: =D15-B15 -> 30 | F15: Максимум клиенти на ден
A16: Търсене: Канелбуле | B16: =B6 -> 0 | C16: ≤ | D16: =G6 -> 80 | E16: =D16-B16 -> 80 | F16: Максимум клиенти на ден
A17: Търсене: Датски кроасан | B17: =B7 -> 0 | C17: ≤ | D17: =G7 -> 60 | E17: =D17-B17 -> 60 | F17: Максимум клиенти на ден
A19: Не забравяйте: в Solver добавете условие „Make Unconstrained Variables Non-Negative“ ИЛИ ограничение B5:B7 ≥ 0. Метод: Simplex LP.
A21: Стъпки за Solver
A22: 1. Data → Solver (ако липсва: File → Options → Add-ins → Solver Add-in → Go → ✓ → OK)
A23: 2. Set Objective: $H$8 (обща печалба)
A24: 3. To: Max
A25: 4. By Changing Variable Cells: $B$5:$B$7
A26: 5. Subject to the Constraints:
A27: $B$12 ≤ $D$12 (брашно)
A28: $B$13 ≤ $D$13 (часове пекар)
A29: $B$14 ≤ $D$14 (часове пещ)
A30: $B$15:$B$17 ≤ $D$15:$D$17 (търсене по продукт)
A31: $B$5:$B$7 ≥ 0 (неотрицателност)
... A34: 8. Solve → Keep Solver Solution → OK

Sheet Goal Seek
A1: Goal Seek — единична променлива
A3: Преди Solver — опитайте Goal Seek за ОДНА променлива. Колко датски кроасана трябва да продадем, за да спечелим 200 €?
A5: Параметър | B5: Стойност | C5: Мярка
A6: Печалба на брой | B6: =Продукти!C8 -> 2 | C6: €
A7: Брой продадени кроасани | B7: 5 | C7: бр.
A8: Обща печалба | B8: =B6*B7 -> 10 | C8: €
A9: Целева печалба | B9: 200 | C9: €
A11: Стъпки:
A12: 1. Data → What-If Analysis → Goal Seek
A13: 2. Set cell: $B$8 (обща печалба)
A14: 3. To value: 200
A15: 4. By changing cell: $B$7 (брой продадени кроасани)
A16: 5. OK → Excel ще попълни колко бройки са нужни.
A18: Защо това не е достатъчно? Goal Seek работи с ЕДНА променлива. В реалната пекарна имаме ТРИ продукта и ТРИ ресурса — нужен е Solver.

Sheet Упражнение
A1: Домашно упражнение — сценарии
A2: Задача: в шийт „Модел“ решете LP задачата със Solver. След това опитайте сценариите отдолу — във всеки случай променете само входната клетка и пуснете Solver отново.
A4: № | B4: Сценарий | C4: Какво да промените | D4: Оптимално х1 (Ръжен) | E4: Оптимално х2 (Канел) | F4: Оптимално х3 (Датски) | G4: Печалба (€) | H4: Кое ограничение е ключово?
A5: A | B5: Базов сценарий | C5: Никакви промени — просто пуснете Solver
A6: B | B6: Брашно намалено с 20% | C6: Ресурси!B6 = 20
A7: C | B7: Пещта повредена — само 8 часа | C7: Ресурси!B8 = 8
A8: D | B8: Нов служител — 12 часа пекар | C8: Ресурси!B7 = 12
A9: E | B9: Кризисно търсене на канелбуле — до 120 | C9: Продукти!G7 = 120
A11: Въпроси за обобщаване
A12: 1. Кой сценарий води до най-голяма загуба на печалба спрямо базовия?
A13: 2. Кое от трите ограничения (брашно, пекар, пещ) е най-често „стегнато“ (с 0 оставащо)?
A14: 3. Ако имате 50 € за допълнителен ресурс — бихте купили повече брашно, час пекар или час пещ? Защо?
A15: 4. Какво се променя, ако добавим 4-ти продукт (баница за 2.50 € с 0.15 kg брашно, 0.06 h пекар, 0.05 h пещ, максимум 40 бр.)?
A16: 5. Напишете 5 изречения до Мария: какво да прави в понеделник и защо.
