Workbook

Sheet Месечни продажби
A1: Дата | B1: Месец | C1: Година | D1: Период | E1: Суха храна (кг) | F1: Консерви (бр.) | G1: Лакомства (бр.) | H1: Общ приход (лв.) | I1: Брой клиенти
A2: 45292 | B2: Януари | C2: 2024 | D2: Януари 2024 | E2: 457 | F2: 322 | G2: 190 | H2: 5313.9 | I2: 263
A3: 45323 | B3: Февруари | C3: 2024 | D3: Февруари 2024 | E3: 443 | F3: 324 | G3: 199 | H3: 5220.2 | I3: 272
A4: 45352 | B4: Март | C4: 2024 | D4: Март 2024 | E4: 433 | F4: 326 | G4: 181 | H4: 5103.8 | I4: 254
A5: 45383 | B5: Април | C5: 2024 | D5: Април 2024 | E5: 423 | F5: 320 | G5: 185 | H5: 5008 | I5: 267
A6: 45413 | B6: Май | C6: 2024 | D6: Май 2024 | E6: 422 | F6: 310 | G6: 174 | H6: 4944.4 | I6: 257
A7: 45444 | B7: Юни | C7: 2024 | D7: Юни 2024 | E7: 407 | F7: 313 | G7: 181 | H7: 4841.2 | I7: 242
A8: 45474 | B8: Юли | C8: 2024 | D8: Юли 2024 | E8: 414 | F8: 298 | G8: 169 | H8: 4827.5 | I8: 262
A9: 45505 | B9: Август | C9: 2024 | D9: Август 2024 | E9: 437 | F9: 308 | G9: 182 | H9: 5082.3 | I9: 256
A10: 45536 | B10: Септември | C10: 2024 | D10: Септември 2024 | E10: 471 | F10: 343 | G10: 204 | H10: 5529.5 | I10: 293
A11: 45566 | B11: Октомври | C11: 2024 | D11: Октомври 2024 | E11: 497 | F11: 356 | G11: 222 | H11: 5829.9 | I11: 288
A12: 45597 | B12: Ноември | C12: 2024 | D12: Ноември 2024 | E12: 527 | F12: 398 | G12: 228 | H12: 6231.9 | I12: 335
A13: 45627 | B13: Декември | C13: 2024 | D13: Декември 2024 | E13: 559 | F13: 406 | G13: 231 | H13: 6535.8 | I13: 341
... A25: 45992 | B25: Декември | C25: 2025 | D25: Декември 2025 | E25: 747 | F25: 541 | G25: 382 | H25: 8882.9 | I25: 471

Sheet Обобщение
A1: Показател | B1: 2024 | C1: 2025 | D1: Промяна (%)
A2: Общ приход (лв.) | B2: =SUMPRODUCT(('Месечни продажби'!C2:C25=2024)*('Месечни продажби'!H2:H25)) -> 64468.4 | C2: =SUMPRODUCT(('Месечни продажби'!C2:C25=2025)*('Месечни продажби'!H2:H25)) -> 87373.9 | D2: =(C2-B2)/B2 -> 0.3552981
A3: Суха храна (кг) - общо | B3: =SUMPRODUCT(('Месечни продажби'!C2:C25=2024)*('Месечни продажби'!E2:E25)) -> 5490 | C3: =SUMPRODUCT(('Месечни продажби'!C2:C25=2025)*('Месечни продажби'!E2:E25)) -> 7352 | D3: =(C3-B3)/B3 -> 0.33916211
A4: Консерви (бр.) - общо | B4: =SUMPRODUCT(('Месечни продажби'!C2:C25=2024)*('Месечни продажби'!F2:F25)) -> 4024 | C4: =SUMPRODUCT(('Месечни продажби'!C2:C25=2025)*('Месечни продажби'!F2:F25)) -> 5293 | D4: =(C4-B4)/B4 -> 0.31535785
A5: Лакомства (бр.) - общо | B5: =SUMPRODUCT(('Месечни продажби'!C2:C25=2024)*('Месечни продажби'!G2:G25)) -> 2346 | C5: =SUMPRODUCT(('Месечни продажби'!C2:C25=2025)*('Месечни продажби'!G2:G25)) -> 3783 | D5: =(C5-B5)/B5 -> 0.61253197
A6: Среден месечен приход (лв.) | B6: =B2/12 -> 5372.3667 | C6: =C2/12 -> 7281.1583 | D6: =(C6-B6)/B6 -> 0.3552981
A7: Общо клиенти | B7: =SUMPRODUCT(('Месечни продажби'!C2:C25=2024)*('Месечни продажби'!I2:I25)) -> 3330 | C7: =SUMPRODUCT(('Месечни продажби'!C2:C25=2025)*('Месечни продажби'!I2:I25)) -> 4574 | D7: =(C7-B7)/B7 -> 0.37357357

Sheet Прогнозиране
A1: Прогнозиране на продажбите: ПетФууд
A3: Част 1: Пълзяща средна (Moving Average)
A4: Период | B4: Общ приход (лв.) | C4: MA-3 | D4: MA-6
A5: ='Месечни продажби'!D2 -> Януари 2024 | B5: ='Месечни продажби'!H2 -> 5313.9
A6: ='Месечни продажби'!D3 -> Февруари 2024 | B6: ='Месечни продажби'!H3 -> 5220.2
A7: ='Месечни продажби'!D4 -> Март 2024 | B7: ='Месечни продажби'!H4 -> 5103.8 | C7: =AVERAGE(B5:B7) -> 5212.6333
A8: ='Месечни продажби'!D5 -> Април 2024 | B8: ='Месечни продажби'!H5 -> 5008 | C8: =AVERAGE(B6:B8) -> 5110.6667
A9: ='Месечни продажби'!D6 -> Май 2024 | B9: ='Месечни продажби'!H6 -> 4944.4 | C9: =AVERAGE(B7:B9) -> 5018.7333
A10: ='Месечни продажби'!D7 -> Юни 2024 | B10: ='Месечни продажби'!H7 -> 4841.2 | C10: =AVERAGE(B8:B10) -> 4931.2 | D10: =AVERAGE(B5:B10) -> 5071.9167
A11: ='Месечни продажби'!D8 -> Юли 2024 | B11: ='Месечни продажби'!H8 -> 4827.5 | C11: =AVERAGE(B9:B11) -> 4871.0333 | D11: =AVERAGE(B6:B11) -> 4990.85
A12: ='Месечни продажби'!D9 -> Август 2024 | B12: ='Месечни продажби'!H9 -> 5082.3 | C12: =AVERAGE(B10:B12) -> 4917 | D12: =AVERAGE(B7:B12) -> 4967.8667
A13: ='Месечни продажби'!D10 -> Септември 2024 | B13: ='Месечни продажби'!H10 -> 5529.5 | C13: =AVERAGE(B11:B13) -> 5146.4333 | D13: =AVERAGE(B8:B13) -> 5038.8167
A14: ='Месечни продажби'!D11 -> Октомври 2024 | B14: ='Месечни продажби'!H11 -> 5829.9 | C14: =AVERAGE(B12:B14) -> 5480.5667 | D14: =AVERAGE(B9:B14) -> 5175.8
A15: ='Месечни продажби'!D12 -> Ноември 2024 | B15: ='Месечни продажби'!H12 -> 6231.9 | C15: =AVERAGE(B13:B15) -> 5863.7667 | D15: =AVERAGE(B10:B15) -> 5390.3833
A16: ='Месечни продажби'!D13 -> Декември 2024 | B16: ='Месечни продажби'!H13 -> 6535.8 | C16: =AVERAGE(B14:B16) -> 6199.2 | D16: =AVERAGE(B11:B16) -> 5672.8167
A17: ='Месечни продажби'!D14 -> Януари 2025 | B17: ='Месечни продажби'!H14 -> 7193 | C17: =AVERAGE(B15:B17) -> 6653.5667 | D17: =AVERAGE(B12:B17) -> 6067.0667
A18: ='Месечни продажби'!D15 -> Февруари 2025 | B18: ='Месечни продажби'!H15 -> 7398.9 | C18: =AVERAGE(B16:B18) -> 7042.5667 | D18: =AVERAGE(B13:B18) -> 6453.1667
A19: ='Месечни продажби'!D16 -> Март 2025 | B19: ='Месечни продажби'!H16 -> 7051.7 | C19: =AVERAGE(B17:B19) -> 7214.5333 | D19: =AVERAGE(B14:B19) -> 6706.8667
A20: ='Месечни продажби'!D17 -> Април 2025 | B20: ='Месечни продажби'!H17 -> 6929.8 | C20: =AVERAGE(B18:B20) -> 7126.8 | D20: =AVERAGE(B15:B20) -> 6890.1833
A21: ='Месечни продажби'!D18 -> Май 2025 | B21: ='Месечни продажби'!H18 -> 6587.7 | C21: =AVERAGE(B19:B21) -> 6856.4 | D21: =AVERAGE(B16:B21) -> 6949.4833
... A28: ='Месечни продажби'!D25 -> Декември 2025 | B28: ='Месечни продажби'!H25 -> 8882.9 | C28: =AVERAGE(B26:B28) -> 8283.2667 | D28: =AVERAGE(B23:B28) -> 7611.1333
A30: Част 2: Тренд линия и FORECAST
A31: Прогноза за следващите 3 месеца:
A32: Период | B32: Номер на месец | C32: FORECAST прогноза (лв.) | D32: TREND прогноза (лв.)
A33: Януари 2026 | B33: 25 | C33: =FORECAST(B33,B5:B28,ROW(B5:B28)-ROW(B5)+1) -> 8169.813 | D33: =TREND(B5:B28,ROW(B5:B28)-ROW(B5)+1,B33) -> 8169.813
A34: Февруари 2026 | B34: 26 | C34: =FORECAST(B34,B5:B28,ROW(B5:B28)-ROW(B5)+1) -> 8317.2571 | D34: =TREND(B5:B28,ROW(B5:B28)-ROW(B5)+1,B34) -> 8317.2571
A35: Март 2026 | B35: 27 | C35: =FORECAST(B35,B5:B28,ROW(B5:B28)-ROW(B5)+1) -> 8464.7011 | D35: =TREND(B5:B28,ROW(B5:B28)-ROW(B5)+1,B35) -> 8464.7011
